{
	"info": {
		"_postman_id": "8a284f1a-8e62-4494-adb3-7e2af94c79c0",
		"name": "E-commerce Backend API",
		"schema": "https://schema.getpostman.com/json/collection/v2.0.0/collection.json",
		"_exporter_id": "41616626"
	},
	"item": [
		{
			"name": "🔐 Auth",
			"item": [
				{
					"name": "Register",
					"request": {
						"method": "POST",
						"header": [
							{
								"key": "Content-Type",
								"value": "application/json"
							}
						],
						"body": {
							"mode": "raw",
							"raw": "{\"name\":\"Test User\",\"email\":\"test@example.com\",\"password\":\"password123\"}"
						},
						"url": "{{base_url}}/api/auth/register"
					},
					"response": []
				},
				{
					"name": "Login",
					"request": {
						"method": "POST",
						"header": [
							{
								"key": "Content-Type",
								"value": "application/json"
							}
						],
						"body": {
							"mode": "raw",
							"raw": "{\"email\":\"test@example.com\",\"password\":\"password123\"}"
						},
						"url": "{{base_url}}/api/auth/login"
					},
					"response": []
				},
				{
					"name": "Get Me",
					"request": {
						"method": "GET",
						"header": [
							{
								"key": "Authorization",
								"value": "Bearer {{token}}"
							}
						],
						"url": "{{base_url}}/api/auth/me"
					},
					"response": []
				}
			]
		},
		{
			"name": "📂 Categories",
			"item": [
				{
					"name": "List Categories",
					"request": {
						"method": "GET",
						"header": [],
						"url": "{{base_url}}/api/categories"
					},
					"response": []
				},
				{
					"name": "Create Category",
					"request": {
						"method": "POST",
						"header": [
							{
								"key": "Authorization",
								"value": "Bearer {{token}}"
							},
							{
								"key": "Content-Type",
								"value": "application/json"
							}
						],
						"body": {
							"mode": "raw",
							"raw": "{\"name\":\"Electronics\",\"image\":\"https://example.com/electronics.jpg\"}"
						},
						"url": "{{base_url}}/api/categories"
					},
					"response": []
				},
				{
					"name": "Update Category",
					"request": {
						"method": "PUT",
						"header": [
							{
								"key": "Authorization",
								"value": "Bearer {{token}}"
							},
							{
								"key": "Content-Type",
								"value": "application/json"
							}
						],
						"body": {
							"mode": "raw",
							"raw": "{\"name\":\"New Electronics\",\"image\":\"https://example.com/new-electronics.jpg\"}"
						},
						"url": {
							"raw": "{{base_url}}/api/categories/:id",
							"host": [
								"{{base_url}}"
							],
							"path": [
								"api",
								"categories",
								":id"
							],
							"variable": [
								{
									"key": "id"
								}
							]
						}
					},
					"response": []
				},
				{
					"name": "Delete Category",
					"request": {
						"method": "DELETE",
						"header": [
							{
								"key": "Authorization",
								"value": "Bearer {{token}}"
							}
						],
						"url": {
							"raw": "{{base_url}}/api/categories/:id",
							"host": [
								"{{base_url}}"
							],
							"path": [
								"api",
								"categories",
								":id"
							],
							"variable": [
								{
									"key": "id"
								}
							]
						}
					},
					"response": []
				}
			]
		},
		{
			"name": "📂 Subcategories",
			"item": [
				{
					"name": "List Subcategories",
					"request": {
						"method": "GET",
						"header": [],
						"url": "{{base_url}}/api/subcategories"
					},
					"response": []
				},
				{
					"name": "Create Subcategory",
					"request": {
						"method": "POST",
						"header": [
							{
								"key": "Authorization",
								"value": "Bearer {{token}}"
							},
							{
								"key": "Content-Type",
								"value": "application/json"
							}
						],
						"body": {
							"mode": "raw",
							"raw": "{\"name\":\"Smartphones\",\"category\":\"<CATEGORY_ID>\",\"image\":\"https://example.com/phones.jpg\"}"
						},
						"url": "{{base_url}}/api/subcategories"
					},
					"response": []
				},
				{
					"name": "Update Subcategory",
					"request": {
						"method": "PUT",
						"header": [
							{
								"key": "Authorization",
								"value": "Bearer {{token}}"
							},
							{
								"key": "Content-Type",
								"value": "application/json"
							}
						],
						"body": {
							"mode": "raw",
							"raw": "{\"name\":\"Phones\",\"image\":\"https://example.com/newphones.jpg\"}"
						},
						"url": {
							"raw": "{{base_url}}/api/subcategories/:id",
							"host": [
								"{{base_url}}"
							],
							"path": [
								"api",
								"subcategories",
								":id"
							],
							"variable": [
								{
									"key": "id"
								}
							]
						}
					},
					"response": []
				},
				{
					"name": "Delete Subcategory",
					"request": {
						"method": "DELETE",
						"header": [
							{
								"key": "Authorization",
								"value": "Bearer {{token}}"
							}
						],
						"url": {
							"raw": "{{base_url}}/api/subcategories/:id",
							"host": [
								"{{base_url}}"
							],
							"path": [
								"api",
								"subcategories",
								":id"
							],
							"variable": [
								{
									"key": "id"
								}
							]
						}
					},
					"response": []
				}
			]
		},
		{
			"name": "📦 Products",
			"item": [
			  {
				"name": "List Products",
				"request": {
				  "method": "GET",
				  "url": {
					"raw": "{{base_url}}/api/products",
					"host": ["{{base_url}}"],
					"path": ["api","products"]
				  }
				}
			  },
			  {
				"name": "Create Product",
				"request": {
				  "method": "POST",
				  "header": [
					{ "key": "Authorization", "value": "Bearer {{token}}" },
					{ "key": "Content-Type", "value": "application/json" }
				  ],
				  "body": {
					"mode": "raw",
					"raw": "{\n  \"name\": \"iPhone 14\",\n  \"productNumber\": \"IP14-001\",\n  \"available\": true,\n  \"mrp\": 799,\n  \"image\": \"https://example.com/iphone14.jpg\",\n  \"subcategory\": \"<SUBCATEGORY_ID>\"\n}"
				  },
				  "url": {
					"raw": "{{base_url}}/api/products",
					"host": ["{{base_url}}"],
					"path": ["api","products"]
				  }
				}
			  },
			  {
				"name": "Update Product",
				"request": {
				  "method": "PUT",
				  "header": [
					{ "key": "Authorization", "value": "Bearer {{token}}" },
					{ "key": "Content-Type", "value": "application/json" }
				  ],
				  "body": {
					"mode": "raw",
					"raw": "{\n  \"mrp\": 749,\n  \"available\": false\n}"
				  },
				  "url": {
					"raw": "{{base_url}}/api/products/:id",
					"host": ["{{base_url}}"],
					"path": ["api","products",":id"]
				  }
				}
			  },
			  {
				"name": "Delete Product",
				"request": {
				  "method": "DELETE",
				  "header": [
					{ "key": "Authorization", "value": "Bearer {{token}}" }
				  ],
				  "url": {
					"raw": "{{base_url}}/api/products/:id",
					"host": ["{{base_url}}"],
					"path": ["api","products",":id"]
				  }
				}
			  }
			]
		  },
		  {
			"name": "📁 Catalogues",
			"item": [
			  {
				"name": "List Catalogues",
				"request": {
				  "method": "GET",
				  "url": {
					"raw": "{{base_url}}/api/catalogues",
					"host": ["{{base_url}}"],
					"path": ["api","catalogues"]
				  }
				}
			  },
			  {
				"name": "Create Catalogue",
				"request": {
				  "method": "POST",
				  "header": [
					{ "key": "Authorization", "value": "Bearer {{token}}" },
					{ "key": "Content-Type", "value": "application/json" }
				  ],
				  "body": {
					"mode": "raw",
					"raw": "{\n  \"name\": \"Holiday Deals\",\n  \"type\": \"<CATALOGUE_TYPE_ID>\",\n  \"image\": \"https://example.com/catalogue.jpg\"\n}"
				  },
				  "url": {
					"raw": "{{base_url}}/api/catalogues",
					"host": ["{{base_url}}"],
					"path": ["api","catalogues"]
				  }
				}
			  }
			]
		  }
		  
	],
	"variable": [
		{
			"key": "base_url",
			"value": "http://localhost:6969"
		},
		{
			"key": "token",
			"value": ""
		}
	]
}